Название,Цена,Картинка
Snacks Fruta para Perro - 60 Gr.,1.15,https://www.petsonic.com/15756-large_default/snacks-fruta-para-perro.jpg
Snack Iberico para Perro - 60 Gr.,1.15,https://www.petsonic.com/15757-large_default/snack-iberico-para-perro.jpg
Snack Pavo para Perro - 60 Gr.,1.15,https://www.petsonic.com/15758-large_default/snack-pavo-para-perro.jpg
Snack Queso para Perro - 60 Gr.,1.15,https://www.petsonic.com/15759-large_default/snack-queso-para-perro.jpg
Snack Pescado para Perro - 60 Gr.,1.15,https://www.petsonic.com/15760-large_default/snack-pescado-para-perro.jpg
Snack Naturales Filetes de Pollo para Perro - 100 Gr.,3.80,https://www.petsonic.com/15790-large_default/snack-naturales-filetes-pollo-para-perro.jpg
Snacks Naturales Tiras de Pollo para Perro - 100 Gr.,3.80,https://www.petsonic.com/15791-large_default/snacks-naturales-tiras-pollo-para-perro.jpg
Snack Naturales Filetes de Pato para Perro - 80 Gr,3.80,https://www.petsonic.com/15793-large_default/snack-naturales-filetes-pato-para-perro.jpg
Snacks Naturales Tiras de Pechuga Pato para Perro - 80 Gr,3.80,https://www.petsonic.com/15794-large_default/pet-munchies-snacks-naturales-tiras-pechuga-pato-para-perros.jpg
Snacks Naturales Tiras de Venado para Perro - 70 Gr,3.80,https://www.petsonic.com/15795-large_default/snacks-naturales-tiras-venado-para-perro.jpg
Snacks Naturales Bocaditos de Salmón para Perro - 90 Gr,3.80,https://www.petsonic.com/15826-large_default/snacks-naturales-bocaditos-salmon-para-perro.jpg
Snack Naturales Filetes de Salmón para Perro - 90 Gr,3.80,https://www.petsonic.com/15827-large_default/snack-naturales-filetes-salmon-para-perro.jpg
Snack Naturales Salmón Skin Chews Medium para Perro - 90 Gr,3.80,https://www.petsonic.com/15828-large_default/snack-naturales-salmon-skin-chews-medium-para-perro.jpg
Snack Naturales Salmón Skin Chews Large para Perro - 125 Gr.,4.35,https://www.petsonic.com/15829-large_default/snack-naturales-salmon-skin-chews-large-para-perro.jpg
Caja Navidad para Perro - 1 Unidad.,8.49,https://www.petsonic.com/13925-large_default/caja-navidad-para-perro.jpg
"Galleta Mini ""Pastel"" Frutos del Bosque para Perro - 40 gr",2.49,https://www.petsonic.com/13499-large_default/lolo-pets-galleta-mini-pastel-frutos-bosque-para-perros.jpg
"Galleta Mini ""Pastel"" Chocolate y Frutos Secos para Perro - 40 gr",2.49,https://www.petsonic.com/13835-large_default/galleta-mini-pastel-chocolate-frutos-secos-para-perro.jpg
"Galleta ""Pastel de Cumpleaños"" Carne y Verduras para Perro - 250 Gr.",3.99,https://www.petsonic.com/13481-large_default/galleta-pastel-cumpleanos-carne-verduras-para-perro.jpg
"Galleta ""Pastel de Cumpleaños"" Chocolate y Frutos Secos para Perro - 250 Gr.",3.99,https://www.petsonic.com/13482-large_default/lolo-pets-galleta-pastel-cumpleanos-chocolate-frutos-secos-para-perros.jpg
"Galleta ""Pastel de Cumpleaños"" Frutos del Bosque para Perro - 250 Gr.",3.99,https://www.petsonic.com/13483-large_default/galleta-pastel-cumpleanos-frutos-bosque-para-perro.jpg
"Galleta ""Pastel Love"" Carne y Verduras para Perro - 250 Gr.",3.99,https://www.petsonic.com/13484-large_default/galleta-pastel-love-carne-verduras-para-perro.jpg
"Galleta ""Pastel Love"" Chocolate y Frutos Secos para Perro - 250 Gr.",4.50,https://www.petsonic.com/13718-large_default/galleta-pastel-love-chocolate-frutos-secos-para-perro.jpg
"Galleta ""Pastel de Love"" Frutos del Bosque para Perro - 250 Gr.",3.99,https://www.petsonic.com/13486-large_default/galleta-pastel-love-frutos-bosque-para-perro.jpg
"Galleta ""Pastel "" Carne y Verduras para Perro - 250 Gr.",3.99,https://www.petsonic.com/13487-large_default/galleta-pastel-carne-verduras-para-perro.jpg
"Galleta ""Pastel "" Chocolate y Frutos Secos para Perro - 250 Gr.",3.99,https://www.petsonic.com/13488-large_default/galleta-pastel-chocolate-frutos-secos-para-perro.jpg
"Galleta ""Pastel Merry Christmas"" Carne y Verdura para Perro - 250 Gr.",3.99,https://www.petsonic.com/13626-large_default/galleta-pastel-merry-christmas-carne-verdura-para-perro.jpg
"Galleta ""Pastel Merry Christmas"" Chocolate y Frutos Secos para Perro - 250 Gr.",3.99,https://www.petsonic.com/13627-large_default/galleta-pastel-merry-christmas-chocolate-frutos-secos-para-perro.jpg
"Galleta ""Pastel Merry Christmas"" Frutos del Bosque para Perro - 250 Gr.",3.99,https://www.petsonic.com/13628-large_default/galleta-pastel-merry-christmas-frutos-bosque-para-perro.jpg
Hueso Jamón para Perro - 1 Unidad.,0.99,https://www.petsonic.com/13262-large_default/hueso-jamon-amiguitos-para-perro.jpg
Snacks de Ternera en Monodosis para Perro - 16 Unidades,13.95,https://www.petsonic.com/12023-large_default/snacks-de-ternera-en-monodosis-para-perro.jpg
Snacks de Pollo en Monodosis para Perro - 16 Unidades,13.95,https://www.petsonic.com/12024-large_default/snacks-de-pollo-en-monodosis-para-perro.jpg
Snacks de Queso en Monodosis para Perro - 16 Unidades,12.68,https://www.petsonic.com/12025-large_default/snacks-de-queso-en-monodosis-para-perro.jpg
Snacks de Higado en Monodosis para Perro - 16 Unidades,13.95,https://www.petsonic.com/12026-large_default/snacks-de-higado-en-monodosis-para-perro.jpg
Snacks de Pescado en Monodosis para Perro - 16 Unidades,12.68,https://www.petsonic.com/12027-large_default/snacks-de-pescado-en-monodosis-para-perro.jpg
Snacks de Pato en Monodosis para Perro - 16 Unidades,13.95,https://www.petsonic.com/12028-large_default/snacks-de-pato-en-monodosis-para-perro.jpg
Snacks de Cordero en Monodosis para Perro - 16 Unidades,13.95,https://www.petsonic.com/12029-large_default/snacks-de-cordero-en-monodosis-para-perro.jpg
Sticks de Pollo en Monodosis para Perro - 16 Unidades,1.99,https://www.petsonic.com/12047-large_default/sticks-de-pollo-en-monodosis-para-perro.jpg
Sticks de Ternera en Monodosis para Perro - 12 Unidades.,1.99,https://www.petsonic.com/12046-large_default/sticks-de-ternera-en-monodosis-para-perro.jpg
Sticks de Higado en Monodosis para Perro - 16 Unidades,1.99,https://www.petsonic.com/12049-large_default/sticks-dehigado-en-monodosis-para-perro.jpg
Sticks de Pato en Monodosis para Perro - 16 Unidades,1.99,https://www.petsonic.com/12050-large_default/sticks-de-pato-en-monodosis-para-perro.jpg
Sticks de Cordero en Monodosis para Perro - 16 Unidades,1.99,https://www.petsonic.com/12051-large_default/sticks-de-cordero-en-monodosis-para-perro.jpg
Sticks de Queso en Monodosis para Perro - 16 Unidades,1.99,https://www.petsonic.com/12048-large_default/sticks-de-queso-en-monodosis-para-perro.jpg
Stick de Pescado en Monodosis para Perro - 16 Unidades,1.99,https://www.petsonic.com/13920-large_default/stick-pescado-monodosis-para-perro.jpg
Snacks Pescado Blanco para Perro - 60 Gr.,1.99,https://www.petsonic.com/13857-large_default/snacks-pescado-blanco-para-perro.jpg
Snack Tacos de Atún para Perro - 80 Gr,1.99,https://www.petsonic.com/13859-large_default/snack-tacos-atun-para-perro.jpg
Barritas Redonda de Ternera para Perro - 400 Gr.,4.99,https://www.petsonic.com/15277-large_default/hobbit-alf-barritas-redonda-ternera-para-perros.jpg
Barritas Redonda de Ternera para Perro - 900 Gr.,8.49,https://www.petsonic.com/15277-large_default/hobbit-alf-barritas-redonda-ternera-para-perros.jpg
Barritas Redonda de Cordero para Perro - 400 Gr.,4.99,https://www.petsonic.com/15278-large_default/hobbit-alf-barritas-redonda-cordero-para-perros.jpg
Barritas Redonda de Cordero para Perro - 900 Gr.,8.49,https://www.petsonic.com/15278-large_default/hobbit-alf-barritas-redonda-cordero-para-perros.jpg
Barritas Redonda de Pollo para Perro - 400 Gr.,4.99,https://www.petsonic.com/15281-large_default/hobbit-alf-barritas-redonda-pollo-para-perros.jpg
Barritas Redonda de Pollo para Perro - 900 Gr.,8.49,https://www.petsonic.com/15281-large_default/hobbit-alf-barritas-redonda-pollo-para-perros.jpg
Mini Huesitos Tiernos Mix para Perros - 500 Gr.,3.99,https://www.petsonic.com/15886-large_default/hobbit-alf-mini-huesitos-tiernos-mix-para-perros.jpg
Snack Toffy Salmón para Perro - 250 Gr.,2.99,https://www.petsonic.com/15888-large_default/nayeco-snack-toffy-salmon-para-perros.jpg
Snack Toffy Pollo para Perro - 75 Gr.,2.99,https://www.petsonic.com/11042-large_default/nayeco-snack-toffy-pollo-para-perros.jpg
Snack Toffy Cordero para Perro - 75 Gr.,2.99,https://www.petsonic.com/11044-large_default/nayeco-snack-toffy-cordero-para-perros.jpg
Snack Toffy Surtido para Perro - 250 Gr.,2.99,https://www.petsonic.com/15880-large_default/nayeco-snack-toffy-surtido-para-perros.jpg
Barrita de Cordero - 500 Gr.,4.49,https://www.petsonic.com/15887-large_default/nayeco-barrita-cordero-para-perros.jpg
Delidog Barritas de Pollo - 800 Gr.,7.99,https://www.petsonic.com/14047-large_default/delidog-barritas-pollo-para-perros.jpg
Delidog Barritas de Buey - 800 Gr.,7.99,https://www.petsonic.com/14048-large_default/delidog-barritas-buey-para-perros.jpg
Delidog Barritas de Salmón - 800 Gr.,7.99,https://www.petsonic.com/14049-large_default/delidog-barritas-salmon-para-perros.jpg
Delidog Barritas de Cordero - 800 Gr.,7.99,https://www.petsonic.com/14050-large_default/delidog-barritas-cordero-para-perros.jpg
Delidog Barritas Grain Free - 800 Gr.,7.99,https://www.petsonic.com/14061-large_default/delidog-barritas-grain-free-para-perros.jpg
Bocaditos Tiernos de Salmón para Perro - 1 Unidad.,1.79,https://www.petsonic.com/11081-large_default/hobbit-alf-bocaditos-tiernos-salmon-para-perros.jpg
Bocaditos Tiernos de Salmón para Perro - 16 Unidades,18.95,https://www.petsonic.com/11081-large_default/hobbit-alf-bocaditos-tiernos-salmon-para-perros.jpg
Estrellas Tiernas de Salmón y Queso para Perro - 1 Unidad.,1.79,https://www.petsonic.com/11078-large_default/hobbit-alf-estrellas-tiernas-salmon-queso-para-perros.jpg
Estrellas Tiernas de Salmón y Queso para Perro - 16 Unidades,18.95,https://www.petsonic.com/11078-large_default/hobbit-alf-estrellas-tiernas-salmon-queso-para-perros.jpg
Estrellita Tiernas de Salmón para Perro - 1 Unidad.,1.79,https://www.petsonic.com/11079-large_default/hobbit-alf-estrellita-tiernas-salmon-para-perros.jpg
Estrellita Tiernas de Salmón para Perro - 16 Unidades,18.95,https://www.petsonic.com/11079-large_default/hobbit-alf-estrellita-tiernas-salmon-para-perros.jpg
Estrellas Tiernas de Avestruz para Perro - 1 Unidad.,1.79,https://www.petsonic.com/11080-large_default/hobbit-alf-estrellas-tiernas-avestruz-para-perros.jpg
Estrellas Tiernas de Avestruz para Perro - 16 Unidades,18.95,https://www.petsonic.com/11080-large_default/hobbit-alf-estrellas-tiernas-avestruz-para-perros.jpg
Estrellas Tiernas de Ganso para Perro - 1 Unidad.,1.79,https://www.petsonic.com/12040-large_default/hobbit-alf-estrellas-tiernas-ganso-para-perros.jpg
Estrellas Tiernas de Ganso para Perro - 16 Unidades,13.90,https://www.petsonic.com/12040-large_default/hobbit-alf-estrellas-tiernas-ganso-para-perros.jpg
Bocaditos Tiernos de Carne de Caza para Perros - 1 Unidad.,1.79,https://www.petsonic.com/12041-large_default/hobbit-alf-bocaditos-tiernos-carne-caza-para-perros.jpg
Bocaditos Tiernos de Carne de Caza para Perros - 16 Unidades,18.95,https://www.petsonic.com/12041-large_default/hobbit-alf-bocaditos-tiernos-carne-caza-para-perros.jpg
Fruit Mix para Perro - 1 Unidad.,1.99,https://www.petsonic.com/12039-large_default/hobbit-alf-fruit-mix-para-perro.jpg
Fruit Mix para Perro - 16 Unidades,18.95,https://www.petsonic.com/12039-large_default/hobbit-alf-fruit-mix-para-perro.jpg
Snack Huesitos Tiernos para Perros - Pollo,1.99,https://www.petsonic.com/13861-large_default/hobbit-alf-snack-huesitos-tiernos-para-perros.jpg
Snack Huesitos Tiernos para Perros - Cordero,1.99,https://www.petsonic.com/13861-large_default/hobbit-alf-snack-huesitos-tiernos-para-perros.jpg
Palitos Tiernos de Ternera para Perro - 13 Unidades.,2.99,https://www.petsonic.com/5863-large_default/hobbit-alf-palitos-tiernos-ternera-para-perros.jpg
Hueso Piel con Fluor para Perro - 13 cm,2.49,https://www.petsonic.com/14022-large_default/hobbit-alf-hueso-piel-fluor-para-perros.jpg
Hueso Piel con Fluor para Perro - 25 cm,5.99,https://www.petsonic.com/14022-large_default/hobbit-alf-hueso-piel-fluor-para-perros.jpg
Hueso Piel Sabor Barbacoa para Perro - 13 cm,1.99,https://www.petsonic.com/14023-large_default/hobbit-alf-hueso-piel-sabor-barbacoa-para-perros.jpg
Hueso de Piel Sabor Chocolate para Perro - 13 cm,1.99,https://www.petsonic.com/14024-large_default/hobbit-alf-hueso-piel-sabor-chocolate-para-perros.jpg
Nudillo de Ternera Calcio para Perro - 2 Unidades,0.99,https://www.petsonic.com/14025-large_default/hobbit-alf-nudillo-ternera-calcio-para-perros.jpg
Nudillo de Ternera Ahumado para Perro - 2 Unidades,0.99,https://www.petsonic.com/14026-large_default/hobbit-alf-nudillo-ternera-ahumado-para-perros.jpg
Cañailla de Jamón para Perro - 2 Unidades,1.29,https://www.petsonic.com/14027-large_default/hobbit-alf-canailla-jamon-para-perros.jpg
Mini Hueso Piel Fluor para Perros - 10 Unidades.,6.99,https://www.petsonic.com/14030-large_default/hobbit-alf-mini-hueso-piel-fluor-para-perros.jpg
Hueso Calcio con Pollo para Perro - 100 Gr.,2.99,https://www.petsonic.com/14031-large_default/hobbit-alf-hueso-calcio-pollo-para-perros.jpg
Filetes de pollo y Pato para Perro - 100 Gr.,2.99,https://www.petsonic.com/14032-large_default/hobbit-alf-filetes-pollo-pato-para-perros.jpg
Huesitos Puppy con Pollo para Perro - 100 Gr.,2.99,https://www.petsonic.com/14034-large_default/hobbit-alf-huesitos-puppy-pollo-para-perros.jpg
Muslitos de Pollo y Calcio para Perro - 100 Gr.,2.49,https://www.petsonic.com/11056-large_default/hobbit-alf-muslitos-pollo-calcio-para-perros.jpg
Snack Pescaditos con Pollo para Perro - 100 Gr.,2.99,https://www.petsonic.com/11137-large_default/hobbit-alf-snack-pescaditos-pollo-para-perros.jpg
Asta de Ciervo para Perro - S,4.49,https://www.petsonic.com/11248-large_default/natural-horn-asta-ciervo-para-perros.jpg
Asta de Ciervo para Perro - M,6.49,https://www.petsonic.com/11248-large_default/natural-horn-asta-ciervo-para-perros.jpg
Asta de Ciervo para Perro - L,10.99,https://www.petsonic.com/11248-large_default/natural-horn-asta-ciervo-para-perros.jpg
Asta de Ciervo para Perro - XL,15.99,https://www.petsonic.com/11248-large_default/natural-horn-asta-ciervo-para-perros.jpg
Asta de Ciervo para Perro - XXL,18.99,https://www.petsonic.com/11248-large_default/natural-horn-asta-ciervo-para-perros.jpg
Rosco Piel Fluor para Perro - 1 Unidad.,1.99,https://www.petsonic.com/14035-large_default/hobbit-alf-rosco-piel-fluor-para-perros.jpg
Hueso Jamón para Perro - Talla Unica,1.49,https://www.petsonic.com/14036-large_default/hobbit-alf-hueso-jamon-para-perros.jpg
Hueso de Ternera para Perro - 30 cm,4.79,https://www.petsonic.com/12790-large_default/hueso-ternera-para-perro.jpg
Hueso de Ternera para Perro - 45 cm,4.99,https://www.petsonic.com/12790-large_default/hueso-ternera-para-perro.jpg
Hueso de Calcio Corto para Perro - 1 Unidad.,1.49,https://www.petsonic.com/14037-large_default/hobbit-alf-hueso-calcio-corto-para-perros.jpg
Hueso Ternera con Calcio - 1 Unidad.,2.99,https://www.petsonic.com/14038-large_default/hobbit-alf-hueso-ternera-calcio-para-perros.jpg
Hueso Ternera Ahumado para Perro - 1 Unidad.,2.99,https://www.petsonic.com/9578-large_default/hobbit-alf-hueso-ternera-ahumado-para-perros.jpg
Huesos Piel Prensada para Perro - 2 x 8 cm,1.39,https://www.petsonic.com/12999-large_default/huesos-piel-prensada-para-perro.jpg
Huesos Piel Prensada para Perro - 21.5 cm,3.69,https://www.petsonic.com/12999-large_default/huesos-piel-prensada-para-perro.jpg
Huesos Piel Prensada para Perro - 27 cm,4.29,https://www.petsonic.com/12999-large_default/huesos-piel-prensada-para-perro.jpg
Huesos Piel Prensada para Perro - 32 cm,5.99,https://www.petsonic.com/12999-large_default/huesos-piel-prensada-para-perro.jpg
Huesos Marrowbone Nylon Rellenos para Perro - 9 cm,3.49,https://www.petsonic.com/14039-large_default/the-company-of-animals-huesos-marrowbone-nylon-rellenos-para-perros.jpg
Huesos Marrowbone Nylon Rellenos para Perro - 11.5 cm,4.49,https://www.petsonic.com/14039-large_default/the-company-of-animals-huesos-marrowbone-nylon-rellenos-para-perros.jpg
Huesos Marrowbone Nylon Rellenos para Perro - 13.5 cm,6.99,https://www.petsonic.com/14039-large_default/the-company-of-animals-huesos-marrowbone-nylon-rellenos-para-perros.jpg
Huesos Marrowbone Nylon Rellenos para Perro - 19 cm,8.99,https://www.petsonic.com/14039-large_default/the-company-of-animals-huesos-marrowbone-nylon-rellenos-para-perros.jpg
Huesos Marrowbone Nylon Rellenos para Perro - 23 cm,11.99,https://www.petsonic.com/14039-large_default/the-company-of-animals-huesos-marrowbone-nylon-rellenos-para-perros.jpg
Hueso Nylon Sabores Gourmet para Perro - Pollo,5.99,https://www.petsonic.com/11956-large_default/tasty-bone-hueso-nylon-sabores-gourmet-para-perros.jpg
Hueso Nylon Sabores Gourmet para Perro - Faisan,5.99,https://www.petsonic.com/11956-large_default/tasty-bone-hueso-nylon-sabores-gourmet-para-perros.jpg
Hueso Nylon Sabores Gourmet para Perro - Ciervo,5.99,https://www.petsonic.com/11956-large_default/tasty-bone-hueso-nylon-sabores-gourmet-para-perros.jpg
Hueso Nylon Sabores Gourmet para Perro - Ternera.,5.99,https://www.petsonic.com/11956-large_default/tasty-bone-hueso-nylon-sabores-gourmet-para-perros.jpg
Hueso Nylon Sabores Gourmet para Perro - Salmón,5.99,https://www.petsonic.com/11956-large_default/tasty-bone-hueso-nylon-sabores-gourmet-para-perros.jpg
Hueso Nylon Sabores Gourmet para Perro - Langostino a la Barbacoa,5.99,https://www.petsonic.com/11956-large_default/tasty-bone-hueso-nylon-sabores-gourmet-para-perros.jpg
Hueso Nylon Sabores Gourmet para Perro - Pato,5.99,https://www.petsonic.com/11956-large_default/tasty-bone-hueso-nylon-sabores-gourmet-para-perros.jpg
Hueso Nylon Sabores para Perro Toy - Pollo,4.99,https://www.petsonic.com/10960-large_default/tasty-bone-hueso-nylon-sabores-toy-para-perros.jpg
Hueso Nylon Sabores para Perro Toy - Bacon,4.99,https://www.petsonic.com/10960-large_default/tasty-bone-hueso-nylon-sabores-toy-para-perros.jpg
Hueso Nylon Sabores para Perro Toy - Ternera.,4.99,https://www.petsonic.com/10960-large_default/tasty-bone-hueso-nylon-sabores-toy-para-perros.jpg
Hueso Nylon Sabores para Perro Toy - Cordero,4.99,https://www.petsonic.com/10960-large_default/tasty-bone-hueso-nylon-sabores-toy-para-perros.jpg
Hueso Nylon Sabores para Perro Pequeño - Pollo,5.99,https://www.petsonic.com/10968-large_default/tasty-bone-hueso-nylon-sabores-pequeno-para-perros.jpg
Hueso Nylon Sabores para Perro Pequeño - Bacon,5.99,https://www.petsonic.com/10968-large_default/tasty-bone-hueso-nylon-sabores-pequeno-para-perros.jpg
Hueso Nylon Sabores para Perro Pequeño - Ternera.,5.99,https://www.petsonic.com/10968-large_default/tasty-bone-hueso-nylon-sabores-pequeno-para-perros.jpg
Hueso Nylon Sabores para Perro Pequeño - Cordero,5.99,https://www.petsonic.com/10968-large_default/tasty-bone-hueso-nylon-sabores-pequeno-para-perros.jpg
Hueso Nylon Sabores para Perro Grande - Pollo,9.99,https://www.petsonic.com/10972-large_default/tasty-bone-hueso-nylon-sabores-grande-para-perros.jpg
Hueso Nylon Sabores para Perro Grande - Bacon,9.99,https://www.petsonic.com/10972-large_default/tasty-bone-hueso-nylon-sabores-grande-para-perros.jpg
Hueso Nylon Sabores para Perro Grande - Ternera.,9.99,https://www.petsonic.com/10972-large_default/tasty-bone-hueso-nylon-sabores-grande-para-perros.jpg
Hueso Nylon Sabores para Perro Grande - Cordero,9.99,https://www.petsonic.com/10972-large_default/tasty-bone-hueso-nylon-sabores-grande-para-perros.jpg
Pack 2 Huesos Nylon Sabores para Perro Toy - Pato + Faisan,8.99,https://www.petsonic.com/10974-large_default/tasty-bone-pack-2-huesos-nylon-sabores-toy-para-perros.jpg
Pack 2 Huesos Nylon Sabores para Perro Toy - Ternera + Pollo,8.99,https://www.petsonic.com/10974-large_default/tasty-bone-pack-2-huesos-nylon-sabores-toy-para-perros.jpg
Pack 2 Huesos Nylon Sabores para Perro Toy - Barbacoa + Ternera,8.99,https://www.petsonic.com/10974-large_default/tasty-bone-pack-2-huesos-nylon-sabores-toy-para-perros.jpg
Pack 2 Huesos Nylon Sabores para Perro Toy - Ternera + Bacon,8.99,https://www.petsonic.com/10974-large_default/tasty-bone-pack-2-huesos-nylon-sabores-toy-para-perros.jpg
Pack 2 Huesos Nylon Sabores para Perro Pequeño - Pato + Faisan,9.99,https://www.petsonic.com/10978-large_default/tasty-bone-pack-2-huesos-nylon-sabores-pequeno-para-perros.jpg
Pack 2 Huesos Nylon Sabores para Perro Pequeño - Ternera + Pollo,9.99,https://www.petsonic.com/10978-large_default/tasty-bone-pack-2-huesos-nylon-sabores-pequeno-para-perros.jpg
Pack 2 Huesos Nylon Sabores para Perro Pequeño - Barbacoa + Ternera,9.99,https://www.petsonic.com/10978-large_default/tasty-bone-pack-2-huesos-nylon-sabores-pequeno-para-perros.jpg
Pack 2 Huesos Nylon Sabores para Perro Pequeño - Ternera + Bacon,9.99,https://www.petsonic.com/10978-large_default/tasty-bone-pack-2-huesos-nylon-sabores-pequeno-para-perros.jpg
Hueso de Nylon Sabores para Perro Gigante - Pollo,14.99,https://www.petsonic.com/10984-large_default/tasty-bone-hueso-nylon-sabores-gigante-para-perros.jpg
Hueso de Nylon Sabores para Perro Gigante - Bacon,14.99,https://www.petsonic.com/10984-large_default/tasty-bone-hueso-nylon-sabores-gigante-para-perros.jpg
Hueso de Nylon Sabores para Perro Gigante - Ternera.,14.99,https://www.petsonic.com/10984-large_default/tasty-bone-hueso-nylon-sabores-gigante-para-perros.jpg
Hueso de Nylon Sabores para Perro Gigante - Cordero,14.99,https://www.petsonic.com/10984-large_default/tasty-bone-hueso-nylon-sabores-gigante-para-perros.jpg
Hueso Nylon Trío Sabores para Perro Pequeño - Pollo,10.99,https://www.petsonic.com/10988-large_default/tasty-bone-hueso-nylon-trio-sabores-pequeno-para-perros.jpg
Hueso Nylon Trío Sabores para Perro Pequeño - Bacon,10.99,https://www.petsonic.com/10988-large_default/tasty-bone-hueso-nylon-trio-sabores-pequeno-para-perros.jpg
Hueso Nylon Trío Sabores para Perro Pequeño - Ternera.,10.99,https://www.petsonic.com/10988-large_default/tasty-bone-hueso-nylon-trio-sabores-pequeno-para-perros.jpg
Hueso Nylon Trío Sabores para Perro Pequeño - Cordero,10.99,https://www.petsonic.com/10988-large_default/tasty-bone-hueso-nylon-trio-sabores-pequeno-para-perros.jpg
Hueso Nylon Trío sabores para Perro Grande - Pollo,12.99,https://www.petsonic.com/10992-large_default/tasty-bone-hueso-nylon-trio-sabores-grande-para-perros.jpg
Hueso Nylon Trío sabores para Perro Grande - Bacon,12.99,https://www.petsonic.com/10992-large_default/tasty-bone-hueso-nylon-trio-sabores-grande-para-perros.jpg
Hueso Nylon Trío sabores para Perro Grande - Ternera.,12.99,https://www.petsonic.com/10992-large_default/tasty-bone-hueso-nylon-trio-sabores-grande-para-perros.jpg
Hueso Nylon Trío sabores para Perro Grande - Cordero,12.99,https://www.petsonic.com/10992-large_default/tasty-bone-hueso-nylon-trio-sabores-grande-para-perros.jpg
Orejas de Conejo Deshidratadas para Perro - 100 Gr.,4.70,https://www.petsonic.com/11775-large_default/pepper-s-choice-orejas-conejo-deshidratadas-para-perros.jpg
Piel de Ciervo Deshidratada para Perro - 150 Gr.,6.75,https://www.petsonic.com/11774-large_default/pepper-s-choice-piel-ciervo-deshidratada-para-perros.jpg
Orejas de Cerda Extra para Perro - 5 Unidades.,7.99,https://www.petsonic.com/14041-large_default/hobbit-alf-orejas-cerda-extra-para-perros.jpg
Orejas de Cerda Extra para Perro - 25 Unidades,29.25,https://www.petsonic.com/14041-large_default/hobbit-alf-orejas-cerda-extra-para-perros.jpg
Oreja de Cerdo - 1 Unidad.,1.99,https://www.petsonic.com/14042-large_default/hobbit-alf-oreja-cerdo-para-perros.jpg
Oreja de Vaca Deshidratada para Perro - 1 Unidad.,0.99,https://www.petsonic.com/14043-large_default/hobbit-alf-oreja-vaca-deshidratada-para-perros.jpg
Tendón de Cuero para Perro - 100 Gr.,3.99,https://www.petsonic.com/14029-large_default/hobbit-alf-tendon-cuero-para-perros.jpg
Tendón de Cuero para Perro - 1 Kg.,12.99,https://www.petsonic.com/14029-large_default/hobbit-alf-tendon-cuero-para-perros.jpg
Pezuña de Ternera Rellena para Perro - 1 Unidad.,1.49,https://www.petsonic.com/8214-large_default/hobbit-alf-pezuna-ternera-rellena-para-perros.jpg
Nervio de Cerdo Trenzado para Perro - 20 cm,1.99,https://www.petsonic.com/14033-large_default/nervio-cerdo-trenzado-para-perro.jpg
Nervio de Toro 15 cm para Perro - 10 Unidades.,11.99,https://www.petsonic.com/14045-large_default/hobbit-alf-nervio-toro-15-cm-para-perros.jpg
Nervio de Toro 15 cm para Perro - 40 Unidades.,39.99,https://www.petsonic.com/14045-large_default/hobbit-alf-nervio-toro-15-cm-para-perros.jpg
Puntas de Nervio de Toro - 500 Gr.,11.49,https://www.petsonic.com/15881-large_default/hobbit-alf-puntas-nervio-toro-para-perros.jpg
Nervio de Toro 20cm para Perros - 7 Unidades.,13.49,https://www.petsonic.com/15883-large_default/hobbit-alf-nervio-toro-20cm-para-perros.jpg
Nervio de Toro 60-70cm para Perro - 1 Unidad.,5.99,https://www.petsonic.com/15884-large_default/hobbit-alf-nervio-toro-60-70cm-para-perros.jpg
Nervio de Toro 60-70cm para Perro - Pack 10 unidades,44.99,https://www.petsonic.com/15884-large_default/hobbit-alf-nervio-toro-60-70cm-para-perros.jpg
Cigarrillos Colores de Piel para Perro - 100 unidades,5.19,https://www.petsonic.com/15885-large_default/dimac-cigarrillos-colores-piel-para-perros.jpg
Palitos Mordedores de Piel para Perro - 4 Unidades.,1.99,https://www.petsonic.com/9463-large_default/ferribiella-palitos-mordedores-piel-para-perros.jpg
Snack de Piel para Perro - 4 Unidades,10.49,https://www.petsonic.com/10104-large_default/bravo-snack-piel-para-perros.jpg
Snack Piel Surtido para Perro - 7 Unidades.,11.49,https://www.petsonic.com/10105-large_default/bravo-snack-piel-surtido-para-perros.jpg
Palitos de Piel para Perro 100 unidades - Ø 5 a 6 mm,8.99,https://www.petsonic.com/14046-large_default/trixie-palitos-piel-100-unidades-para-perros.jpg
Palitos de Piel para Perro 100 unidades - Ø 7 a 8 mm,9.99,https://www.petsonic.com/14046-large_default/trixie-palitos-piel-100-unidades-para-perros.jpg
Palitos de Piel para Perro 100 unidades - Ø 9 a 10 mm,15.49,https://www.petsonic.com/14046-large_default/trixie-palitos-piel-100-unidades-para-perros.jpg
Tira de Tendón para Perro - 1 Unidad.,0.99,https://www.petsonic.com/14051-large_default/hobbit-alf-tira-tendon-para-perros.jpg
Huesos Prensados de Arroz para Perro - 2 Unidades,2.19,https://www.petsonic.com/14053-large_default/trixie-huesos-prensados-arroz-para-perros.jpg
Rollito de Tripa Relleno de Yogur para Perro - 100 Unidades,56.99,https://www.petsonic.com/14054-large_default/trixie-rollito-tripa-relleno-yogur-para-perros.jpg
Snack-Premio Paté Hígado - 110 Gr.,3.00,https://www.petsonic.com/14056-large_default/trixie-snack-premio-pate-higado-para-perros.jpg
Snack Paté de Bacon para Perro - 110 Gr.,3.99,https://www.petsonic.com/14057-large_default/snack-pate-bacon-para-perro.jpg
Snack Paté de Salmón para Perro - 110 Gr.,3.79,https://www.petsonic.com/14058-large_default/snack-pate-salmon-para-perro.jpg
Snacks Vitaminados Sabor Yogur para Perro - 75 Gr.,1.79,https://www.petsonic.com/8411-large_default/trixie-snacks-vitaminados-sabor-yogur-para-perros.jpg
Tableta Chocolate para Perros - 100 Gr.,1.49,https://www.petsonic.com/14059-large_default/trixie-tableta-chocolate-para-perros.jpg
Tableta Chocolate Blanco para Perros - 100 Gr.,1.49,https://www.petsonic.com/14060-large_default/trixie-tableta-chocolate-blanco-para-perros.jpg
Snacks Tiras de Pollo Deshidratado para Perro - 100 Gr.,3.00,https://www.petsonic.com/8406-large_default/trixie-snacks-tiras-pollo-deshidratado-para-perros.jpg
Snack Pollo y Merluza para Perro - 75 Gr.,1.99,https://www.petsonic.com/12125-large_default/snack-pollo-merluza-para-perro.jpg
Snacks Crispy Duck para Perro - 100 Gr.,3.99,https://www.petsonic.com/12124-large_default/snacks-cripspy-duck-para-perro.jpg
Snakcs Pollo y Plátano para Perro - 100 Gr.,2.99,https://www.petsonic.com/12403-large_default/snakcs-pollo-platano-para-perro.jpg
Snack Pollo y Queso para Perro - 100 Gr.,2.99,https://www.petsonic.com/12404-large_default/snack-pollo-queso-para-perro.jpg
Snacks Bites Pato para Perro - 80 Gr,2.99,https://www.petsonic.com/12447-large_default/snacks-bites-pato-para-perro.jpg
Snack Pato y Arroz para Perro - 80 Gr,2.99,https://www.petsonic.com/12406-large_default/snack-pato-arroz-para-perro.jpg
Snack Pato para Perro - 80 Gr,2.99,https://www.petsonic.com/12405-large_default/snack-pato-para-perro.jpg
Snacks Chickies Pollo para Perro - 100 Gr.,2.99,https://www.petsonic.com/15464-large_default/snacks-chickies-pollo-para-perro.jpg
Snack Happy Stripes Ternera para Perro - 500 Gr.,5.00,https://www.petsonic.com/13797-large_default/snack-happy-stripes-ternera-para-perro.jpg
Braaaf Hueso de piel de pescado para Perro - 90 Gr,5.99,https://www.petsonic.com/12146-large_default/hueso-piel-pescado-para-perro.jpg
Braaaf Hueso de piel de pescado para Perro - 100 Gr.,5.99,https://www.petsonic.com/12146-large_default/hueso-piel-pescado-para-perro.jpg
Braaaf Hueso de piel de pescado para Perro - 120 gr,6.79,https://www.petsonic.com/12146-large_default/hueso-piel-pescado-para-perro.jpg
Huesos Delibones para Perro - 7 cm,3.00,https://www.petsonic.com/13301-large_default/huesos-delibones-para-perro.jpg
Huesos Delibones para Perro - 11 cm,3.49,https://www.petsonic.com/13301-large_default/huesos-delibones-para-perro.jpg
Super Star Snacks Adiestramiento para Perro. - 75 Gr.,3.49,https://www.petsonic.com/14062-large_default/fish4dogs-super-star-snacks-adiestramiento-para-perros.jpg
Sea Jerky Tiras de Piel de Pescado Deshidratado para Perro - 100 Gr.,4.99,https://www.petsonic.com/14064-large_default/fish4dogs-sea-jerky-tiras-piel-pescado-deshidratado-para-perros.jpg
Sea Wraps con Bacalao y Boniato para Perro - 100 Gr.,3.99,https://www.petsonic.com/14126-large_default/fish4dogs-sea-wraps-bacalao-boniato-para-perros.jpg
Sea Jerky Trenzas de Pescado Deshidratado para Perro - 100 Gr.,3.70,https://www.petsonic.com/14067-large_default/fish4dogs-sea-jerky-trenzas-pescado-deshidratado-para-perros.jpg
Sea Jerky Tacos de Pescado Deshidratado para Perro - 100 Gr.,3.49,https://www.petsonic.com/14074-large_default/fish4dogs-sea-jerky-tacos-pescado-deshidratado-para-perros.jpg
Sea Jerky Taquitos de Pescado Pequeños Deshidratados para Perro - 100 Gr.,3.49,https://www.petsonic.com/14071-large_default/fish4dogs-sea-jerky-taquitos-pescado-pequenos-deshidratados-para-perros.jpg
Sea Jerky Huesos de Piel de Pescado Deshidratada para Perro - 100 Gr.,3.49,https://www.petsonic.com/14076-large_default/fish4dogs-sea-jerky-huesos-piel-pescado-deshidratada-para-perros.jpg
Sea Biscuits Tiddlers para Perros - 100 Gr.,3.49,https://www.petsonic.com/14078-large_default/fish4dogs-sea-biscuits-tiddlers-para-perros.jpg
Snack Icelandic Fish Cubes para perros - 100 Gr.,4.99,https://www.petsonic.com/12970-large_default/snack-icelandic-fish-cubes-para-perros.jpg
Bocados de Calamar - 75 Gr.,3.99,https://www.petsonic.com/10090-large_default/fish4dogs-bocados-calamar-para-perros.jpg
Anillas de Calamar - 75 Gr.,4.99,https://www.petsonic.com/10089-large_default/fish4dogs-anillas-calamar-para-perros.jpg
Galletas con Frutas del Bosque para Perro - 230 Gr.,4.80,https://www.petsonic.com/5434-large_default/naturea-galletas-frutas-bosque-para-perros.jpg
Galletas de Manzana y Canela para Perro - 230 Gr.,4.80,https://www.petsonic.com/5433-large_default/naturea-galletas-manzana-canela-para-perros.jpg
Galletas con Tomate Aceite de Oliva y Queso Parmesano para Perro - 230 Gr.,4.80,https://www.petsonic.com/5437-large_default/naturea-galletas-tomate-aceite-oliva-queso-parmesano-para-perros.jpg
Galletas con Pato y Moras para Perro - 230 Gr.,4.80,https://www.petsonic.com/5436-large_default/naturea-galletas-pato-moras-para-perros.jpg
Galletas con Yogurt y Miel para Perro - 230 Gr.,4.64,https://www.petsonic.com/5438-large_default/naturea-galletas-yogurt-miel-para-perros.jpg
Galletas con Pescado Aceite de oliva y Hierbas Aromáticas para Perro - 230 Gr.,5.28,https://www.petsonic.com/5435-large_default/naturea-galletas-pescado-aceite-oliva-hierbas-aromaticas-para-perros.jpg
Galletas Puppy para Perro - 100 Gr.,0.99,https://www.petsonic.com/14110-large_default/hobbit-alf-galletas-puppy-para-perros.jpg
Galletas Puppy para Perro - 200 Gr.,1.99,https://www.petsonic.com/14110-large_default/hobbit-alf-galletas-puppy-para-perros.jpg
Galletas Puppy para Perro - 430 gr,2.99,https://www.petsonic.com/14110-large_default/hobbit-alf-galletas-puppy-para-perros.jpg
"Galletas Puppy para Perro - 2,5 Kg.",12.99,https://www.petsonic.com/14110-large_default/hobbit-alf-galletas-puppy-para-perros.jpg
Galletas Granja para Perro - 200 Gr.,1.79,https://www.petsonic.com/14111-large_default/hobbit-alf-galletas-granja-para-perros.jpg
Galletas Granja para Perro - 430 gr,2.99,https://www.petsonic.com/14111-large_default/hobbit-alf-galletas-granja-para-perros.jpg
Galletas Granja para Perro - 4 Kg.,17.99,https://www.petsonic.com/14111-large_default/hobbit-alf-galletas-granja-para-perros.jpg
Galleta Croqueta Queso y Pollo para Perro - 430 gr,2.99,https://www.petsonic.com/14114-large_default/hobbit-alf-galleta-croqueta-queso-pollo-para-perros.jpg
Galletas Alfito de Carne para Perro - 430 gr,2.99,https://www.petsonic.com/14112-large_default/hobbit-alf-galletas-alfito-carne-para-perros.jpg
Galleta Happy Happer Mix para Perros - 5 Kg ,20.99,https://www.petsonic.com/14116-large_default/hobbit-alf-galleta-happy-happer-mix-para-perros.jpg
Galletas Jumbo Mini Mix para Perro - 430 gr,2.99,https://www.petsonic.com/14115-large_default/hobbit-alf-galletas-jumbo-mini-mix-para-perros.jpg
Pasta Easy Treat para Cachorros - 0.236 L,5.55,https://www.petsonic.com/13277-large_default/kong-pasta-easy-treat-para-cachorros-para-perros.jpg
Pasta Easy Treat para Perro - 0.236 L,6.18,https://www.petsonic.com/13278-large_default/kong-pasta-easy-treat-para-perros.jpg
Galletas para Cachorro - 300 Gr.,5.99,https://www.petsonic.com/15889-large_default/kong-galletas-para-cachorro-para-perros.jpg
Galletas Sabor Hígado para Perros Pequeños - 200 Gr.,4.49,https://www.petsonic.com/14118-large_default/kong-galletas-sabor-higado-pequenos-para-perros.jpg
Galletas para Perro - 300 Gr.,5.00,https://www.petsonic.com/14119-large_default/kong-galletas-para-perros.jpg
Delibakie Biscotti - 90 Gr,1.29,https://www.petsonic.com/14121-large_default/purina-pro-plan-delibakie-biscotti-para-perros.jpg
Delibakie Biscotti - 270 Gr,2.49,https://www.petsonic.com/14121-large_default/purina-pro-plan-delibakie-biscotti-para-perros.jpg
Delibakie Hearts - 100 Gr.,1.29,https://www.petsonic.com/14123-large_default/purina-pro-plan-delibakie-hearts-para-perros.jpg
Delibakie Hearts - 350 Gr.,2.49,https://www.petsonic.com/14123-large_default/purina-pro-plan-delibakie-hearts-para-perros.jpg
Delibakie Rolls - 100 Gr.,1.29,https://www.petsonic.com/14125-large_default/purina-pro-plan-delibakie-rolls-para-perros.jpg
Adventuros Mini Sticks de Búfalo - 90 Gr,1.29,https://www.petsonic.com/14127-large_default/purina-pro-plan-adventuros-mini-sticks-bufalo-para-perros.jpg
Adventuros Mini Sticks de Búfalo - Pack 6 sobres de 90gr,6.30,https://www.petsonic.com/14127-large_default/purina-pro-plan-adventuros-mini-sticks-bufalo-para-perros.jpg
Adventuros Strips Venado - 90 Gr,1.29,https://www.petsonic.com/14128-large_default/purina-pro-plan-adventuros-strips-venado-para-perros.jpg
Adventuros Strips Venado - Pack 6 sobres de 90gr,6.30,https://www.petsonic.com/14128-large_default/purina-pro-plan-adventuros-strips-venado-para-perros.jpg
Adventuros Nuggets Jabalí - 90 Gr,1.29,https://www.petsonic.com/14129-large_default/purina-pro-plan-adventuros-nuggets-jabali-para-perros.jpg
Adventuros Nuggets Jabalí - Pack 6 sobres de 90gr,6.30,https://www.petsonic.com/14129-large_default/purina-pro-plan-adventuros-nuggets-jabali-para-perros.jpg
Adventuros Sticks de Búfalo - 120 gr,1.29,https://www.petsonic.com/14130-large_default/purina-pro-plan-adventuros-sticks-bufalo-para-perros.jpg
Adventuros Sticks de Búfalo - Packs 6 sobres de 120 gr,6.30,https://www.petsonic.com/14130-large_default/purina-pro-plan-adventuros-sticks-bufalo-para-perros.jpg
IB Snack Pollo y Manzana - 1 Sobre 227 gr,3.99,https://www.petsonic.com/13506-large_default/hill-s-ideal-balance-ib-snack-pollo-manzana-para-perros.jpg
IB Snack Pollo y Manzana - 1 x 6 sobres 227 gr,18.99,https://www.petsonic.com/13506-large_default/hill-s-ideal-balance-ib-snack-pollo-manzana-para-perros.jpg
Biscuits Dental Bar 150gr. - 1 Unidad.,2.99,https://www.petsonic.com/13407-large_default/purina-pro-plan-biscuits-dental-bar-150gr-para-perros.jpg
Biscuits Dental Bar 150gr. - 6 Unidades.,16.50,https://www.petsonic.com/13407-large_default/purina-pro-plan-biscuits-dental-bar-150gr-para-perros.jpg
Biscuits Light 400gr. - 1 Unidad.,2.99,https://www.petsonic.com/13408-large_default/purina-pro-plan-biscuits-light-400gr-para-perros.jpg
Biscuits Light 400gr. - 6 Unidades.,16.50,https://www.petsonic.com/13408-large_default/purina-pro-plan-biscuits-light-400gr-para-perros.jpg
Treat Free Run Duck 35 gr - 1 Unidad.,4.99,https://www.petsonic.com/13837-large_default/treat-free-run-duck-35-gr.jpg
Treat Grass-Fed Lamb 35 gr - 1 Unidad.,4.99,https://www.petsonic.com/13838-large_default/treat-grass-fed-lamb-35-gr.jpg
Treats Pacific Pilchard 35 gr - 1 Unidad.,4.99,https://www.petsonic.com/13839-large_default/treats-pacific-pilchard-35-gr.jpg
Treat Yorkshire Pork 35 gr - 1 Unidad.,4.99,https://www.petsonic.com/13840-large_default/treat-yorkshire-pork-35-gr.jpg
Treat Free Run Duck 42.5 Gr - 1 Unidad.,6.99,https://www.petsonic.com/12700-large_default/orijen-treat-free-run-duck-42-5-gr-para-perros.jpg
Treat Free Run Duck 42.5 Gr - 6 Unidades.,34.99,https://www.petsonic.com/12700-large_default/orijen-treat-free-run-duck-42-5-gr-para-perros.jpg
Regional Treats 42.5 gr - 1 Unidad.,5.99,https://www.petsonic.com/13414-large_default/regional-treats-42-5-gr.jpg
Regional Treats 42.5 gr - 6 Unidades.,32.99,https://www.petsonic.com/13414-large_default/regional-treats-42-5-gr.jpg
Treats Ranch Raised Lamb 56gr. - 1 Unidad.,5.49,https://www.petsonic.com/9781-large_default/orijen-treats-ranch-raised-lamb-56gr-para-perros.jpg
Treats Ranch Raised Lamb 56gr. - 6 Unidades.,28.99,https://www.petsonic.com/9781-large_default/orijen-treats-ranch-raised-lamb-56gr-para-perros.jpg
Snacks Adiestramiento para Cachorros - 75 gr,1.49,https://www.petsonic.com/14132-large_default/the-company-of-animals-snacks-adiestramiento-para-cachorros-para-perros.jpg
Puppy Snack - 150 Gr.,2.49,https://www.petsonic.com/14133-large_default/affinity-advance-puppy-snack-para-perros.jpg
Puppy Snack - 1 x 7 packs de 150 gr,11.99,https://www.petsonic.com/14133-large_default/affinity-advance-puppy-snack-para-perros.jpg
Dental Care Stick Mini - 7 Unidades.,1.99,https://www.petsonic.com/15891-large_default/affinity-advance-dental-care-stick-mini-para-perros.jpg
Dental Care Stick Mini - 28 Unidades,6.49,https://www.petsonic.com/15891-large_default/affinity-advance-dental-care-stick-mini-para-perros.jpg
Dental Care Stick Medium - 7 Unidades.,2.49,https://www.petsonic.com/14135-large_default/affinity-advance-dental-care-stick-medium-para-perros.jpg
Dental Care Stick Medium - 28 Unidades,6.99,https://www.petsonic.com/14135-large_default/affinity-advance-dental-care-stick-medium-para-perros.jpg
Hypoallergenic Snack - 150 Gr.,2.49,https://www.petsonic.com/15890-large_default/affinity-advance-hypoallergenic-snack-para-perros.jpg
Hypoallergenic Snack - 1 x 7 packs de 150 gr,10.99,https://www.petsonic.com/15890-large_default/affinity-advance-hypoallergenic-snack-para-perros.jpg
Appetite Control Snack - 150 Gr.,2.49,https://www.petsonic.com/15892-large_default/affinity-advance-appetite-control-snack-para-perros.jpg
Appetite Control Snack - 1 x 7 packs de 150 gr,11.50,https://www.petsonic.com/15892-large_default/affinity-advance-appetite-control-snack-para-perros.jpg
Articular Snack - 150 Gr.,2.49,https://www.petsonic.com/15893-large_default/affinity-advance-articular-snack-para-perros.jpg
Articular Snack - 1 x 14 packs de 155 gr,20.99,https://www.petsonic.com/15893-large_default/affinity-advance-articular-snack-para-perros.jpg
Sensitive Snack - 150 Gr.,2.49,https://www.petsonic.com/14136-large_default/sensitive-snack.jpg
Sensitive Snack - 1 x 7 packs de 150 gr,14.99,https://www.petsonic.com/14136-large_default/sensitive-snack.jpg
+7 Años Snack - 150 Gr.,2.49,https://www.petsonic.com/12801-large_default/7-anos-snack.jpg
+7 Años Snack - 1 x 7 packs de 150 gr,15.99,https://www.petsonic.com/12801-large_default/7-anos-snack.jpg
Veggie Dent Limpieza Dental - XS,4.49,https://www.petsonic.com/16466-large_default/virbac-veggie-dent-limpieza-dental-para-perros.jpg
Veggie Dent Limpieza Dental - S,5.49,https://www.petsonic.com/16466-large_default/virbac-veggie-dent-limpieza-dental-para-perros.jpg
Veggie Dent Limpieza Dental - M,7.49,https://www.petsonic.com/16466-large_default/virbac-veggie-dent-limpieza-dental-para-perros.jpg
Veggie Dent Limpieza Dental - L,6.99,https://www.petsonic.com/16466-large_default/virbac-veggie-dent-limpieza-dental-para-perros.jpg
Limpiador Dental Masticable para Perros - 140 gr,5.99,https://www.petsonic.com/15895-large_default/bayer-limpiador-dental-masticable-para-perros.jpg
Plaque off Croq para Perro - 60 Gr.,7.99,https://www.petsonic.com/11673-large_default/divsa-plaque-off-croq-para-perro.jpg
Plaque off Croq para Perro - 150 Gr.,8.99,https://www.petsonic.com/11673-large_default/divsa-plaque-off-croq-para-perro.jpg
Snack Dentalife para Perro X-Small - 7 Unidades.,1.99,https://www.petsonic.com/15574-large_default/snack-dentalife-para-perro-x-small.jpg
Snack Dentalife para Perro X-Small - 21 unidades,3.99,https://www.petsonic.com/15574-large_default/snack-dentalife-para-perro-x-small.jpg
Snack Dentalife para Perros Mini - 7 Unidades.,1.99,https://www.petsonic.com/11184-large_default/purina-pro-plan-snack-dentalife-mini-para-perros.jpg
Snack Dentalife para Perros Mini - 21 unidades,4.49,https://www.petsonic.com/11184-large_default/purina-pro-plan-snack-dentalife-mini-para-perros.jpg
Snack Dentalife para Perros Medianos - 5 Unidades.,1.99,https://www.petsonic.com/11186-large_default/purina-pro-plan-snack-dentalife-medianos-para-perros.jpg
Snack Dentalife para Perros Medianos - 15 Unidades.,4.49,https://www.petsonic.com/11186-large_default/purina-pro-plan-snack-dentalife-medianos-para-perros.jpg
Snack Dentalife para Perros Grandes - 4 Unidades,1.99,https://www.petsonic.com/11188-large_default/purina-pro-plan-snack-dentalife-grandes-para-perros.jpg
Snack Dentalife para Perros Grandes - 12 Unidades.,3.99,https://www.petsonic.com/11188-large_default/purina-pro-plan-snack-dentalife-grandes-para-perros.jpg
Dentastix 5-10 Kg Sticks Dentales - 7 barritas,2.49,https://www.petsonic.com/10752-large_default/pedigree-dentastix-5-10-kg-sticks-dentales-para-perros.jpg
Dentastix 5-10 Kg Sticks Dentales - 28 barritas(7x4),6.99,https://www.petsonic.com/10752-large_default/pedigree-dentastix-5-10-kg-sticks-dentales-para-perros.jpg
Dentastix 10-25Kg Sticks Dentales - 7 barritas,2.99,https://www.petsonic.com/10753-large_default/pedigree-dentastix-10-25kg-sticks-dentales-para-perros.jpg
Dentastix 10-25Kg Sticks Dentales - 28 barritas(7x4),9.49,https://www.petsonic.com/10753-large_default/pedigree-dentastix-10-25kg-sticks-dentales-para-perros.jpg
Pedigree Dentastix +25 Kg - 7 Unidades.,3.49,https://www.petsonic.com/8480-large_default/pedigree-dentastix-25-kg-para-perros.jpg
Pedigree Dentastix +25 Kg - 28 barritas(7x4),10.99,https://www.petsonic.com/8480-large_default/pedigree-dentastix-25-kg-para-perros.jpg
Greenies Petite - 10 Unidades (170 GR),7.99,https://www.petsonic.com/14138-large_default/greenies-petite-para-perros.jpg
Greenies Petite - 20 Unidades (340 GR),15.50,https://www.petsonic.com/14138-large_default/greenies-petite-para-perros.jpg
Greenies Petite - 2x 20 Unidades (680 GR),29.45,https://www.petsonic.com/14138-large_default/greenies-petite-para-perros.jpg
Greenies Teenie - 22 Unidades (170 GR),7.95,https://www.petsonic.com/14139-large_default/greenies-teenie-para-perros.jpg
Greenies Teenie - 43 Unidades (340 GR),15.50,https://www.petsonic.com/14139-large_default/greenies-teenie-para-perros.jpg
Greenies Teenie - 2x 43 Unidades (680 GR),29.45,https://www.petsonic.com/14139-large_default/greenies-teenie-para-perros.jpg
Greenies Large - 4 Unidades (170 GR),7.99,https://www.petsonic.com/14141-large_default/greenies-large-para-perros.jpg
Greenies Large - 2x 4 Unidades (340 GR),15.20,https://www.petsonic.com/14141-large_default/greenies-large-para-perros.jpg
Greenies Large - 5x 4 Unidades (850 GR),37.95,https://www.petsonic.com/14141-large_default/greenies-large-para-perros.jpg
Greenies Regular - 6 Unidades (170 GR),7.99,https://www.petsonic.com/14140-large_default/greenies-regular-para-perros.jpg
Greenies Regular - 12 Unidades (340 GR),15.50,https://www.petsonic.com/14140-large_default/greenies-regular-para-perros.jpg
Greenies Regular - 2x 12 Unidades (680 GR),29.45,https://www.petsonic.com/14140-large_default/greenies-regular-para-perros.jpg
Snack Capitan Jacks Salmon Trips para Perro - 90 Gr,2.99,https://www.petsonic.com/10950-large_default/dimac-snack-capitan-jacks-salmon-trips-para-perros.jpg
Snack Capitan Jacks Salmon Bites para Perro - 90 Gr,2.99,https://www.petsonic.com/10951-large_default/dimac-snack-capitan-jacks-salmon-bites-para-perros.jpg
Snacks Capitán Jacks Bacalao Twister para Perro - 90 Gr,2.99,https://www.petsonic.com/10952-large_default/dimac-snacks-capitan-jacks-bacalao-twister-para-perros.jpg
Snacks Capitán Jacks Bacalao Chunks para Perro - 90 Gr,2.99,https://www.petsonic.com/10953-large_default/dimac-snacks-capitan-jacks-bacalao-chunks-para-perros.jpg
Huesos Piel Sabor Bacon para Perro - 10 cm,2.99,https://www.petsonic.com/11046-large_default/nayeco-huesos-piel-sabor-bacon-para-perros.jpg
Huesos Piel Sabor Pollo para Perro - 10 cm,2.99,https://www.petsonic.com/11047-large_default/nayeco-huesos-piel-sabor-pollo-para-perros.jpg
Hueso Piel Pollo para Perro - 10 cm,1.19,https://www.petsonic.com/11049-large_default/nayeco-hueso-piel-pollo-para-perros.jpg
Hueso Piel Pollo para Perro - 15 cm,2.59,https://www.petsonic.com/11049-large_default/nayeco-hueso-piel-pollo-para-perros.jpg
Hueso Piel con Carne de Pollo para perro - 6 cm,2.49,https://www.petsonic.com/11050-large_default/nayeco-hueso-piel-carne-pollo-para-perros.jpg
Hueso Piel con Carne de Pollo para perro - 11 cm,2.99,https://www.petsonic.com/11050-large_default/nayeco-hueso-piel-carne-pollo-para-perros.jpg
Hueso Piel Carne de Salmón para Perro - 6 cm,2.49,https://www.petsonic.com/11052-large_default/nayeco-hueso-piel-carne-salmon-para-perros.jpg
Hueso Piel Carne de Salmón para Perro - 11 cm,2.99,https://www.petsonic.com/11052-large_default/nayeco-hueso-piel-carne-salmon-para-perros.jpg
Stick Con Carne de pollo para Perro - 100 Gr.,2.99,https://www.petsonic.com/11059-large_default/hobbit-alf-stick-carne-pollo-para-perros.jpg
Stick Talla XXL con Carne de Pollo para Perro - 130 gr,3.00,https://www.petsonic.com/11060-large_default/hobbit-alf-stick-talla-xxl-carne-pollo-para-perros.jpg
Hueso piel con Carne de Pollo y Cerdo para Perro - 6 cm,3.00,https://www.petsonic.com/11163-large_default/nayeco-hueso-piel-carne-pollo-cerdo-para-perros.jpg
Caja con Rollos de Piel Deshidratada para Perro - 3 Unidades.,9.99,https://www.petsonic.com/10672-large_default/bravo-caja-rollos-piel-deshidratada-para-perro.jpg
Huesos Piel Pollo y Ternera para Perro - 5 Unidades.,3.99,https://www.petsonic.com/11527-large_default/iams-huesos-piel-pollo-y-ternera-para-perros.jpg
Huesos Piel Pollo y Ternera para Perro - 6 Unidades.,9.99,https://www.petsonic.com/11527-large_default/iams-huesos-piel-pollo-y-ternera-para-perros.jpg
Huesos Piel Pollo y Ternera para Perro - 7 Unidades.,3.99,https://www.petsonic.com/11527-large_default/iams-huesos-piel-pollo-y-ternera-para-perros.jpg
Huesos Piel Pollo y Ternera para Perro - 21 unidades,9.99,https://www.petsonic.com/11527-large_default/iams-huesos-piel-pollo-y-ternera-para-perros.jpg
Huesos Piel Pollo y Jamón para Perro - 7 Unidades.,4.49,https://www.petsonic.com/11528-large_default/iams-huesos-piel-pollo-y-jamon-para-perros.jpg
Hueso Piel Pollo y Ternera para Perro - S,3.49,https://www.petsonic.com/11547-large_default/iams-hueso-piel-pollo-y-ternera-para-perros.jpg
Hueso Piel Pollo y Ternera para Perro - M,3.65,https://www.petsonic.com/11547-large_default/iams-hueso-piel-pollo-y-ternera-para-perros.jpg
Hueso Piel Pollo y Ternera para Perro - L,3.99,https://www.petsonic.com/11547-large_default/iams-hueso-piel-pollo-y-ternera-para-perros.jpg
Hueso Piel Pollo y Jamón para Perro - S,3.00,https://www.petsonic.com/11548-large_default/iams-hueso-piel-pollo-y-jamon-para-perros.jpg
Hueso Piel Pollo y Jamón para Perro - L,3.00,https://www.petsonic.com/11548-large_default/iams-hueso-piel-pollo-y-jamon-para-perros.jpg
Sticks Pollo y Ternera para Perro - 3 Unidades.,3.99,https://www.petsonic.com/11532-large_default/iams-sticks-pollo-y-ternera-para-perros.jpg
Stick en Espiral Pollo y Ternera para Perro - 55 Gr.,3.99,https://www.petsonic.com/11549-large_default/iams-stick-en-espiral-pollo-y-ternera-para-perros.jpg
Stick en Espiral Pollo y Ternera para Perro - 190 gr,7.49,https://www.petsonic.com/11549-large_default/iams-stick-en-espiral-pollo-y-ternera-para-perros.jpg
Stick en Espiral Pollo y Jamón para Perro - 55 Gr.,3.99,https://www.petsonic.com/11534-large_default/iams-stick-en-espiral-pollo-y-jamon-para-perros.jpg
Stick en Espiral Pollo y Jamón para Perro - 190 gr,7.49,https://www.petsonic.com/11534-large_default/iams-stick-en-espiral-pollo-y-jamon-para-perros.jpg
Snack Ternera y Manzana para Perro - 100 Gr.,1.49,https://www.petsonic.com/11538-large_default/iams-snack-ternera-y-manzana-para-perros.jpg
Snack Pollo y Zanahoria para Perro - 100 Gr.,1.49,https://www.petsonic.com/11539-large_default/iams-snack-pollo-y-zanahoria-para-perros.jpg
Snack Cordero y Arándano para Perro - 100 Gr.,1.49,https://www.petsonic.com/11550-large_default/iams-snack-cordero-arandano-para-perros.jpg
Glyco-flex l Snacks para Perro - 120 Comprimidos,49.99,https://www.petsonic.com/11857-large_default/glyco-flex-l-snacks-para-perro.jpg
Glyco-flex ll Snacks para Perro - 60 Comprimidos,35.49,https://www.petsonic.com/11858-large_default/vetnova-glyco-flex-ll-snacks-para-perro.jpg
Glyco-flex ll Snacks para Perro - 120 Comprimidos,52.99,https://www.petsonic.com/11858-large_default/vetnova-glyco-flex-ll-snacks-para-perro.jpg
Glyco-flex ll Snacks para Gatos y Perros Pequeños - 60 Comprimidos,27.99,https://www.petsonic.com/11859-large_default/vetnova-glyco-flex-l-snacks-para-gatos-y-perros-pequenos.jpg
Glyco-flex lll Snacks para Perro - 30 Comprimidos,39.99,https://www.petsonic.com/11863-large_default/vetnova-glyco-flex-lll-snacks-para-perro.jpg
Glyco-flex lll Snacks para Perro - 60 Comprimidos,40.99,https://www.petsonic.com/11863-large_default/vetnova-glyco-flex-lll-snacks-para-perro.jpg
Glyco-flex lll Snacks para Perro - 120 Comprimidos,69.99,https://www.petsonic.com/11863-large_default/vetnova-glyco-flex-lll-snacks-para-perro.jpg
Glyco-flex lll Snacks para Perro Mini - 60 Comprimidos,27.99,https://www.petsonic.com/11862-large_default/vetnova-glyco-flex-lll-snacks-para-perro-mini.jpg
Multiva Active para Perro - 45 Comprimidos,13.99,https://www.petsonic.com/11868-large_default/vetnova-multiva-active-para-perro.jpg
Multiva Calming para Gatos y Perros Pequeños - 21 Comprimidos,7.99,https://www.petsonic.com/11869-large_default/vetnoca-multiva-calming-para-gato-y-perros-pequenos.jpg
Multiva Calming para Perros Medianos y Grandes - 21 Comprimidos,12.99,https://www.petsonic.com/11870-large_default/vetnova-multiva-calming-para-perros-medianos-y-grandes.jpg
Multiva Motion para Perro - 60 Comprimidos,10.99,https://www.petsonic.com/11872-large_default/vetnova-multiva-motion-para-perro.jpg
Snack Metabolic Treats Canine - 220 Gr,3.99,https://www.petsonic.com/12043-large_default/snack-metabolic-treats-canine.jpg
Snacks Z/D Treat Canine - 220 Gr,3.99,https://www.petsonic.com/12044-large_default/snacks-zd-treat-canine.jpg
Bocaditos de Salmón para Perro - 200 Gr.,9.99,https://www.petsonic.com/12836-large_default/bocaditos-salmon-para-perro.jpg
Cutania Snacks para Perro - 60 Unidades.,37.95,https://www.petsonic.com/13252-large_default/vetnova-cutania-snacks-para-perros-gatos.jpg
Cutania Snacks para Perro Mini y Gato - 60 Comprimidos,20.99,https://www.petsonic.com/13253-large_default/cutania-snacks-para-perro-mini-gato.jpg
Snack Healthy Treats Mini para Perro - 1 unidad de 300gr,2.45,https://www.petsonic.com/14914-large_default/snack-healthy-treats-mini-para-perro.jpg
Snack Healthy Treats para Perro - 1 unidad de 300gr,2.70,https://www.petsonic.com/14915-large_default/snack-healthy-treats-para-perro.jpg
Snack Healthy Treats Hypoallergenic para Perro - 1 unidad de 300gr,3.00,https://www.petsonic.com/14916-large_default/snack-healthy-treats-hypoallergenic-para-perro.jpg
Snack Churpi Original Pequeño para Perro - 4 Unidades,16.95,https://www.petsonic.com/16946-large_default/snack-churpi-original-pequeno-para-perro.jpg
Snack Churpi Original Mediano para Perro - 2 Unidades,16.95,https://www.petsonic.com/16947-large_default/snack-churpi-original-mediano-para-perro.jpg
Snack Churpi Original Grande para Perro - 1 Unidad.,16.95,https://www.petsonic.com/16948-large_default/snack-churpi-original-grande-para-perro.jpg
Snack Churpi Original Pocket para Perro - 50 Gr.,6.75,https://www.petsonic.com/16949-large_default/snack-churpi-original-pocket-para-perro.jpg
Snack Churpi Puffies para Perro - 70 Gr,11.75,https://www.petsonic.com/16950-large_default/snack-churpi-puffies-para-perro.jpg
Snack Churpi Puffies Bars para Perro - 70 Gr,11.75,https://www.petsonic.com/16951-large_default/snack-churpi-puffies-bars-para-perro.jpg
Snack Churpi Crunchies para Perro - 70 Gr,11.75,https://www.petsonic.com/16952-large_default/snack-churpi-crunchies-para-perro.jpg
